company_id,company_name
E9079,Google
E1651,Microsoft
E40772,Facebook
E1138,Apple
E2735,Booz-Allen-Hamilton
E3736,Capital-One
E3096,Bloomberg-L-P
E575263,Uber
E9876,Expedia-Group
E354,IBM
E13461,Tata-Consultancy-Services
E6036,Amazon
E134525,Wayfair
E567443,Asana
E115699,Atlassian
E7633,NVIDIA
E746219,Health-Catalyst
E10471,SAP
E42751,Etsy
E2293,Intuit
E1090,Adobe
E3023,University-of-Michigan
E241045,Two-Sigma
E403326,ServiceNow
E231432,Pactera
E11159,Salesforce
E2893,McKinsey-and-Company
E3879,Boston-Consulting-Group
E391850,Airbnb
E1167765,Robinhood
E34865,LinkedIn
E8868,Red-Hat
E243552,Zynga
E902154,DraftKings
E2989,Stanford-University
E100561,Indeed
E31102,Slalom
E3030,University-of-Washington
E11296,Equinix
E2786,Fidelity-Investments
E9441,Capital-Group
E992979,84-51%C2%B0
E2917,NYU-New-York-University
E3025,University-of-Pennsylvania
E11891,Netflix
E35,American-Express
E1093161,HP-Inc
E2291386,Numerator
E41283,US-Air-Force
E274,Genentech
E40802,Zillow
E422050,Square
E100569,Twitter
E13437,Kearney
E19300,MD-Anderson-Cancer-Center
E3299,Morningstar
E6667,Novartis
E1327,Dell-Technologies
E408251,Spotify
E1155,Autodesk
E525,Pfizer
E438,Merck
E544,Procter-and-Gamble
E1519,Intel-Corporation
E364,Johnson-and-Johnson
E197851,Workday
E237819,Chegg
E15544,EPAM
E2851,The-Johns-Hopkins-University
E4245,Bayer
E404,Lockheed-Martin
E3026,University-of-Pittsburgh
E42406,Experian
E13026,Neustar
E1130,Amgen
E11701,Avanade
E2548,Manpower
E9331,BlackRock
E9331,BlackRock
E5807,Yahoo
E32038,NBCUniversal
E4138,Accenture
E263,Ford-Motor-Company
E640,Qualcomm
E981845,Cox-Automotive
E32516,UC-San-Francisco
E2748,Columbia-University
E3510,Siemens
E108071,FINRA
E247538,Riot-Games
E1259396,S-and-P-Global
E1699,NIKE
E7380,PRA-Health-Sciences
E5441,Kforce
E4063,Cox-Communications
E340,Humana
E1337673,IHS-Markit
E9848,PayPal
E962297,Upstart
E1585,Freddie-Mac
E247,Fannie-Mae
E426672,Criteo
E8874,Bank-of-America
E2800,Goldman-Sachs
E1904,Travelers
E102520,Fred-Hutchinson-Cancer-Research-Center
E717,Walt-Disney-Company
E100303,Thomson-Reuters
E195,John-Deere
E1139,Applied-Materials
E4314,The-Hartford
E1093046,Hewlett-Packard-Enterprise-HPE
E2941,Principal-Financial-Group
E117647,Bridgewater-Associates
E5695,PPD
E3035,Visa-Inc
E41130,SAIC
E145,J-P-Morgan
E4711,Memorial-Sloan-Kettering
E277,GE
E279,General-Motors-GM
E7853,eBay
E145,J-P-Morgan
E700614,Lyft
E9302,T-Mobile
E2282,Morgan-Stanley
E20189,Massachusetts-General-Hospital
E64,ADP
E20189,Massachusetts-General-Hospital
E813073,DoorDash
E19466,Kaiser-Permanente
E488,Northrop-Grumman
E152783,Insight-Global
E224341,DISYS
E137,Caterpillar
E1628,Electronic-Arts
E3472,Ericsson-Worldwide
E133544,RetailData
E140233,Verisk-Analytics
E11441,TransUnion
E680605,CoverMyMeds
E649837,AbbVie
E89,Verizon
E270403,Fractal
E730545,Leidos
E2415376,Verizon-Media
E8843,Citi
E41423,US-Marine-Corps
E41423,US-Marine-Corps
E465818,CBRE
E8843,Citi
E23279,Tata-Consultancy-Services-North-America
E23297,TEKsystems
E2763,Deloitte
E522,PepsiCo
E2867,KPMG
E2944,Prudential
E13990,Discover
E8450,PwC
E13754,Collabera
E2899,MetLife
E18424,Randstad-US
E8,American-Airlines
E446,3M
E2784,EY
E130,ABC
E4146,LexisNexis-Legal-and-Professional
E8347,IQVIA
E429784,LexisNexis-Risk-Solutions
E546,Progressive-Insurance
E43242,Hulu
E13494,Advisory-Board
E2890,MassMutual
E12,Abbott
E318409,GroupM
E41451,US-Navy
E2874,Liberty-Mutual-Insurance
E3293060,Walmart-Labs
E1201,CACI-International
E8014,Cognizant-Technology-Solutions
E753677,HERE-Technologies
E672636,Pluralsight
E43129,Tesla
E14638,Teradata
E13916,Apex-Systems
E1838,Robert-Half
E102,Boeing
E142090,Red-Ventures
E658,Thermo-Fisher-Scientific
E9296,Encore-Capital-Group
E3419,UBS
E3803,Capgemini
E2202,Starbucks
E2913,Nationwide
E419089,Grubhub
E588,Schlumberger
E1280,Comcast
E22280,Merkle
E1067,Western-Digital
E8452,CGI
E655,The-Home-Depot
E15276,Tripadvisor
E6504,Intrado
E3776,Nielsen
E1704,Nordstrom
E301291,Groupon
E3033,USAA
E194,Target
E34925,Genworth
E7856,Rocket-Companies
E8937,U-S-Bank
E246,FedEx
E507,PNC-Financial-Services-Group
E39997,Epsilon
E1991,UnitedHealth-Group
E4651,Providence
E613,AT-and-T
E350350,Stanley-Black-and-Decker
E1648,Micron-Technology
E1737,Oracle
E119,Cigna
E3976,MITRE
E28,Honeywell
E8380,Zurich-North-America
E553909,HCL-Technologies
E690765,Chase
E714486,Instacart
E760746,Digitas
E11303,Moody-s-Corporation
E14374,Children-s-Hospital-of-Philadelphia
E18661,General-Dynamics-Information-Technology
E9380,Realtor-com
E434,McKesson
E39775,Esurance
E7649,NTT-DATA
E105247,New-York-City-Department-of-Education
E1242,Cerner
E5787,Blue-Cross-Blue-Shield-of-Illinois-Montana-New-Mexico-Oklahoma-and-Texas-HCSC
E3322,Pearson
E16,Aetna
E4212,NCR
E615153,XPO-Logistics
E2706,American-Family-Insurance
E243532,Ancestry
E3000093,UnitedHealthCare
E121517,Mount-Sinai-Health-System
E4084,Vanguard
E828048,Santander
E13640,Citizens
E8876,Wells-Fargo
E925157,Anthem
E232,Equifax
E1089,Adecco
E40,AIG
E16924,Asurion
E783817,Stitch-Fix
E2990,State-Farm
E1679,Labcorp
E2212,Express-Scripts
E18267,Aerotek
E564,Reynolds-and-Reynolds
E10686,Atos
E18654,ICF
E661275,WeWork
E1564,Kelly
E2341,Allstate
E15828,Molina-Healthcare
E2062,HCA-Healthcare
E3012,UPS
E297676,Clearwater-Analytics
E78,BNY-Mellon
E2842,Intermountain-Healthcare
E1036988,Ascension
E1384,Fiserv
E1911,State-Street
E30994,CoreLogic
E968083,Cotiviti
E7927,Infosys
E9936,Wipro
E415,Lowe-s-Home-Improvement
E13542,Centene
E5367,DaVita
E224811,Kantar
E29449,Walmart-eCommerce
E270,GEICO
E43314,Yelp
E1603125,DXC-Technology
E20698,Comscore
E248324,Lumen
E715,Walmart
E901352,Change-Healthcare
E815856,Chewy
E37984,Sears
E747,Xerox
E376698,FSA
E6725,Maximus
E1500006,Spectrum
E1492856,Conduent
E321177,Zulily
E386,Kroger
E152762,Medpace
E159289,Inovalon
E31568,Sedgwick-Claims-Management-Services
E4501,DISH
E437,CVS-Health
E5670,SourceHOV
E3032,US-Postal-Service
E234827,FDM-Group
E122586,Benefitfocus
E33807,ICONMA
E3255221,Koncert-IT-Solutions
E423131,YipitData
E839195,6sense
E1169266,Klaviyo
E2134162,Hopjump
E269058,SemanticBits
E1175834,Livongo-Health
E1595573,Komodo-Health
E1364238,Definitive-Healthcare
E1565816,Groundspeed
E2098940,Itlize-Global
E1327316,Samba-TV
E1955594,Wavicle-Data-Solutions
E312703,C3-AI
E1508182,QuantumBlack
E1421071,IronNet-Cybersecurity
E431081,CCS-Global-Tech
E1343120,SparkCognition
E15736,Kingland
E646885,Quora-Inc
E467229,Cardlytics
E152790,Syniti
E293899,Rosen
E606681,Kabbage
E100431,Glassdoor
E108135,Argus-Information-and-Advisory-Services
E303651,Hanusoft
E2409113,Optum
E106987,The-Emmes-Company
E1499366,Tempus-Labs
E246842,alliantgroup-LP
E1277112,Convoy
E150589,Acumen
E486612,The-Climate-Corp
E713044,Avant
E686514,Wish
E751302,Civis-Analytics
E376456,1010data
E214165,Crossix-Solutions-Inc
E353868,TrueCar
E330824,IHME
E409080,MZ
E554965,Healthgrades
E923422,Liberty-Source-PBC
E2371213,SimpleBet
E233280,ACA-Compliance-Group
E640096,Cogo-Labs
E33706,Management-Science-Associates
E663974,DIA-Associates
E28709,R-and-D-Systems
E686782,Mandli-Communications
E447768,ULab
E978686,Uptake
E695553,CKM-Analytix
E867918,Medasource
E19642,Sammons-Financial-Group-Companies
E242421,Veterans-United-Home-Loans
E838848,nCino
E336856,Academy-Mortgage
E969384,KnowBe4
E950758,Slack
E954734,Databricks
E9253,SBA-Communications
E194262,Johns-Hopkins-University-Applied-Physics-Laboratory
E411039,Everise
E106708,CARFAX
E924644,Zoom-Video-Communications
E227605,HubSpot
E8090,Intuitive-Intuitive-Surgical
E433703,MongoDB
E20962,Carnegie-Mellon-University
E35235,Lawrence-Livermore-National-Laboratory
E1192052,Cloud-Big-Data-Technologies-Group
E21395,Brigham-Young-University-BYU
E347449,Momentive-ai
E4537,William-Blair
E717917,Netskope
E717917,Netskope
E307604,DocuSign
E434871,Udemy
E225531,AppFolio
E35240,Argonne-National-Laboratory
E116768,NASA-Jet-Propulsion-Laboratory
E21675,Tufts-University
E3339544,Rock-Central
E7413,Take-Two
E2889,MIT
E3732,Cornell-University
E142738,University-of-Illinois-at-Urbana-Champaign
E361320,Everbridge
E1317630,Brigham-Young-University-Idaho
E13627,Milwaukee-Tool
E8763,SAP-Concur
E2755,Cox-Enterprises
E9219,Akamai
E197577,RingCentral
E3752,Bain-and-Company
E101270,The-Broad-Institute
E28315,St-Jude-Children-s-Research-Hospital
E269505,HCL-Global-Systems
E35096,iRobot
E291,AES-Corporation
E379275,IUPUI
E122537,Guidewire
E23491,Purdue-University
E22139,Caltech-California
E23838,University-of-Delaware
E23545,RIT-Rochester-Institute-of-Technology
E470525,Metronet
E17117,MathWorks
E410790,Twilio
E197,Delta-Air-Lines
E33358,Clemson-University
E33758,Binghamton-University
E16741,Excellus-BlueCross-BlueShield
E11790,Brown-University
E21346,Syracuse-University
E5327,Northern-Illinois-University
E11790,Brown-University
E21346,Syracuse-University
E33454,University-of-Connecticut
E32519,UC-Santa-Barbara
E7304,NASA
E35238,Lawrence-Berkeley-Lab
E2211184,Chuwa-America
E122747,The-Church-of-Jesus-Christ-of-Latter-day-Saints
E455854,Unity-Technologies
E18487,Federal-Reserve-Bank-of-Dallas
E269780,IntraEdge
E38334,Thoughtworks
E455854,Unity-Technologies
E563550,The-University-of-Massachusetts-Amherst
E2817,Harvard-University
E704080,Emapta-Versatile-Services
E3045,Yale-University
E1058,The-Washington-Post
E611,Southwest-Airlines
E611,Southwest-Airlines
E1058,The-Washington-Post
E233317,Daugherty-Business-Solutions
E288826,AIDS-Healthcare-Foundation
E3045,Yale-University
E469615,Trace3
E22413,George-Mason-University
E32514,UC-Davis
E15871,Sonepar-USA
E11709,NIH
E473695,UNC-Charlotte
E1077312,Texas-A-and-M-University
E254092,Box
E582975,University-of-Wisconsin-Madison
E19619,University-of-Utah-Hospitals-and-Clinics
E17259,Arkansas-Blue-Cross-and-Blue-Shield
E254092,Box
E1624196,ByteDance
E630579,Rivian
E134254,University-of-Texas-at-Arlington
E158251,iSoftStone
E32512,University-of-California-Berkeley
E32524,UCLA
E22832,Virginia-Tech
E8890,Dartmouth
E23242,NCSOFT
E630579,Rivian
E32512,University-of-California-Berkeley
E32524,UCLA
E833668,Workiva
E18599,Florida-State-University
E8336,University-of-Virginia
E5474,Patagonia
E29987,Paylocity
E3019,University-of-Iowa
E24228,University-of-Arizona
E40803,YouTube
E243542,Rapid7
E427855,Medical-Science-and-Computing
E32523,UC-San-Diego
E799159,FARFETCH
E38078,Great-American-Insurance-Group
E142008,Federal-Reserve-Board
E38281,Tencent
E18207,athenahealth
E3027,University-of-Southern-California
E144297,PATH
E142008,Federal-Reserve-Board
E38078,Great-American-Insurance-Group
E129260,St-Cloud-State-University
E129386,CSU-Fullerton
E129869,University-of-Maryland
E2187,Boston-Scientific
E9606,Wellington-Management
E9678,IMF
E3017,University-of-Florida
E313289,University-of-Colorado-Boulder
E133952,University-of-Texas-at-Austin
E129260,St-Cloud-State-University
E129386,CSU-Fullerton
E129869,University-of-Maryland
E12830,VMware
E9711,Agilent-Technologies
E33760,SUNY-Albany
E41736,PROS
E18949,PSCU
E1217,Cadence-Design-Systems
E360923,Zendesk
E9711,Agilent-Technologies
E1749,Radian-Group
E41736,PROS
E2824,H-E-B
E33467,University-of-Utah
E5460,DePaul-University
E22876,Oncor-Electric-Delivery
E12190,Red-Bull
E11851,UCSF-Medical-Center-and-UCSF-Benioff-Children%E2%80%99s-Hospitals
E5460,DePaul-University
E29302,Arizona-State-University
E3727,Washington-University-in-St-Louis
E3731,Georgetown-University
E2824,H-E-B
E147230,Bazaarvoice
E1385479,TechStyle
E134554,Carousel-Industries
E3664,The-Hanover-Insurance-Group
E3735,University-of-Minnesota
E11220,Suffolk-Construction
E12898,Align-Technology
E6443,Forrester
E27523,Oklahoma-State-University
E3919,Northwestern-University
E35498,Paysafe-Group
E28110,University-of-Cincinnati
E33375,Georgia-Tech
E23363,Northeastern-University
E3919,Northwestern-University
E35498,Paysafe-Group
E134554,Carousel-Industries
E1050335,Tokopedia
E15675,Infovision-Inc
E259049,Sonos
E8534,Applied-Systems
E142916,National-Renewable-Energy-Lab
E296055,Apexon
E429699,ClinChoice
E142916,National-Renewable-Energy-Lab
E1050335,Tokopedia
E637162,Stanford-School-of-Medicine
E475461,UT-Dallas
E429699,ClinChoice
E41363,U-S-Department-of-Transportation
E30971,University-of-Texas-at-El-Paso
E797,Brown-Forman
E300494,Flipkart
E15209,Southern-California-Edison
E30971,University-of-Texas-at-El-Paso
E15209,Southern-California-Edison
E370313,University-of-Arkansas
E12862,Syngenta
E7223,Ford-Credit
E5570,Dolby
E23374,Florida-International-University
E2839,Hyatt
E2977,Sentry
E3677,Mastercard
E3677,Mastercard
E268806,Medallia
E23374,Florida-International-University
E370313,University-of-Arkansas
E245302,BI-WORLDWIDE
E282219,NLB-Services
E25683,The-University-of-Kansas
E2782,Emory-University
E40366,U-S-Food-and-Drug-Administration
E33888,University-of-South-Florida
E25683,The-University-of-Kansas
E3956,Schneider-Electric
E651,Texas-Instruments
E33888,University-of-South-Florida
E199,DTE-Energy
E1734,Omnicom
E2782,Emory-University
E1918,Stryker
E128791,University-of-Nebraska-Medical-Center
E859425,Orion-Advisor-Technology
E989964,Toast-Inc
E7246,Gallup
E23394,Illinois-State
E149533,University-of-Illinois-at-Chicago
E27841,PrideStaff
E268820,Alarm-com
E18874,IFC
E1283,Commerce-Bank
E16165,Erie-Insurance-Group
E29102,DHG
E23394,Illinois-State
E29102,DHG
E3734,Boston-University
E162,Colgate-Palmolive
E34134,#NAME?
E245799,Grid-Dynamics
E34936,Blue-Shield-Of-California
E23944,North-Carolina-State-University
E116344,Luxoft
E4439,University-of-North-Texas
E7222,Ally-Financial
E9214,AstraZeneca
E633892,LiveRamp
E675933,Shopify
E18389,Cedars-Sinai-Medical-Center
E415537,Pacific-Northwest-National-Laboratory
E34936,Blue-Shield-Of-California
E23944,North-Carolina-State-University
E972487,Global-Atlantic-Financial-Group
E27500,University-of-Oregon
E319551,AppDynamics
E283112,Nisum
E13873,Milliman
E41556,U-S-General-Services-Administration
E23998,Utah-State-University
E4480,RTI-International
E7793,Getty-Images
E1421,Epicor-Software
E2504583,Slalom-Build
E611640,UC-Davis-Health
E425470,LG-and-E-and-KU-Energy
E465122,AHEAD
E969695,ServiceTitan
E928471,Snowflake
E1582,Lam-Research
E24239,University-of-Central-Florida
E1372126,Root-Insurance
E27500,University-of-Oregon
E16679,Medidata-Solutions
E19884,Mayo-Clinic
E3016,University-of-Chicago
E14107,Centers-for-Disease-Control-and-Prevention
E107161,Silicon-Valley-Bank
E2886,Mars
E25692,Kansas-State-University
E11717,Janssen
E4574,CCC-Intelligent-Solutions
E75,Constellation
E22285,Rutgers-University
E25403,University-of-Georgia
E3016,University-of-Chicago
E25692,Kansas-State-University
E1428038,Vida-Health
E1044836,Remitly
E16599,BlueCross-BlueShield-of-Tennessee
E19168,Sharp-HealthCare
E15496,Signature-Consultants
E217718,Coupa-Software-Inc
E4460,Houston-Methodist
E39879,Noblis
E15496,Signature-Consultants
E27536,Colorado-State-University
E3516,Volvo-Group
E4460,Houston-Methodist
E217718,Coupa-Software-Inc
E450016,Rentokil-North-America
E347870,AppNexus
E11385,JetBlue
E6191,Blue-Yonder
E3276,Aquent
E6191,Blue-Yonder
E121522,NewYork-Presbyterian-Hospital
E2840,Indiana-University
E3513,Unilever
E2923,The-Ohio-State-University
E3276,Aquent
E500145,Fitbit
E26008,Children-s-Health
E769838,Genius-Sports
E21435,United-Nations
E2923,The-Ohio-State-University
E671946,Snap
E394938,Clinipace
E10441,Munich-Re
E9329,Perficient
E290418,Otsuka
E195922,dunnhumby
E24442,University-of-Colorado
E158,The-Clorox-Company
E330,Hilton
E10441,Munich-Re
E3460,BMW-Group
E3492,Nestl%C3%A9
E24442,University-of-Colorado
E158,The-Clorox-Company
E9553,World-Wide-Technology
E23435,Wayne-State
E9329,Perficient
E1180322,Vizient
E762009,Datadog
E864829,naviHealth
E1180322,Vizient
E19973,Sony-Electronics
E16694,First-Student
E12146,Orbitz-Worldwide
E11809,Edwards-Lifesciences
E1361,State-Auto-Insurance-Companies
E4022,The-Blackstone-Group
E3867,RE-MAX
E223,Eli-Lilly-and-Company
E3494,Nokia
E1923,Patterson-Companies
E488283,Texas-A-and-M-University-Commerce
E3867,RE-MAX
E436,Medtronic
E5833,Shell
E6106,CSG
E16668,Capital-BlueCross
E241404,Fast-Enterprises
E18645,Boston-Children-s-Hospital
E11671,Illumina
E1160,BMC-Software
E16668,Capital-BlueCross
E5833,Shell
E6106,CSG
E2878,LSU
E236635,United-States-Federal-Government
E241404,Fast-Enterprises
E2429659,Kuaishou-Technology
E27624,Equitable-Advisors
E17308,Florida-Blue
E17892,Dana-Farber-Cancer-Institute
E35237,Oak-Ridge-National-Laboratory
E321780,UCLA-Health
E14798,US-Department-of-Defense
E3020,University-of-Kentucky
E2067,Trimble
E690,Ameren
E28643,Embry-Riddle-Aeronautical-University
E117313,Splunk
E5500,Viasat
E35237,Oak-Ridge-National-Laboratory
E877317,Keysight-Technologies
E698305,Lucid-Motors
E1053151,Lumentum-Operations
E17308,Florida-Blue
E10078,Genesys
E2067,Trimble
E321780,UCLA-Health
E20320,Altair-Engineering
E1053151,Lumentum-Operations
E37983,Dexcom
E367039,Sorenson-Communications
E16869,UNICEF
E2869,Land-O-Lakes
E15,AMD
E665607,Progressive-Leasing
E12829,Exact-Sciences
E7790,Marriott-International
E14048,Iris-Software
E24637,Federal-Bureau-of-Investigation-FBI
E269894,PSI-CRO
E429159,Nutanix
E2590,Costco-Wholesale
E2816,Harvard-Pilgrim-Health-Care
E1307503,Celonis
E40232,Moffitt-Cancer-Center
E683,United-Airlines
E333508,Monster-Beverage-Corporation
E327869,Spring-Venture-Group
E23406,Temple-University
E3353,Robert-Bosch
E3022,University-of-Massachusetts
E26760,Roku
E31057,Yardi-Systems
E2993,Steelcase
E278,General-Mills
E10416,Boehringer-Ingelheim
E150726,Redfin
E156584,Guggenheim-Partners
E150726,Redfin
E156584,Guggenheim-Partners
E26760,Roku
E3022,University-of-Massachusetts
E2993,Steelcase
E3729,University-of-Rochester
E503467,Pinterest
E2159858,Corteva-Agriscience
E23780,UF-Health-Shands-Hospital
E852160,Synchrony
E561649,UNC-Chapel-Hill
E13677,Horizon-Media
E5406,NetApp
E5432,Citrix
E231,Entergy
E33757,Stony-Brook-University
E139928,Huge
E323717,Qualtrics
E852160,Synchrony
E4150595,FedEx-Services
E6939,Bank-OZK
E20055,Cengage-Group
E22253,ZoomInfo
E23739,Drexel-University
E23466,University-of-San-Francisco
E3498,Novo-Nordisk
E3515,Volkswagen
E199470,HealthEquity-Inc
E11895,NRG-Energy
E3806,Logitech
E193,Danaher
E199470,HealthEquity-Inc
E9266,Audible
E7319,REI
E11895,NRG-Energy
E20055,Cengage-Group
E1142964,Northwell-Health
E671945,GitHub
E459351,Veeva-Systems
E4676,Legacy-Health
E438753,Smartsheet
E324360,EDF
E16533,MultiPlan
E17651,AdventHealth-Corporate
E4232,IHG-Hotels-and-Resorts
E4676,Legacy-Health
E416,Lubrizol
E27375,SF-State-University
E326,The-Hershey-Company
E7569,Gerdau
E10692,adidas
E7569,Gerdau
E2511,Spherion
E22490,North-American-Lighting
E27375,SF-State-University
E324360,EDF
E850344,Millennium
E958580,Grab
E716331,Houzz
E779832,The-Trade-Desk
E716331,Houzz
E779832,The-Trade-Desk
E19581,University-of-Kansas-Medical-Center
E1546,Jefferies
E6888,Popular
E3098,Bose
E296384,Colorado-Department-of-Public-Health-and-Environment
E55,Archer-Daniels-Midland-ADM
E167,CA-Technologies
E39140,Proofpoint
E19581,University-of-Kansas-Medical-Center
E4241,ResMed
E6888,Popular
E3098,Bose
E135790,Catholic-Relief-Services
E122082,UMass-Memorial-Health
E7224,Juniper-Networks
E224107,Rush-University-Medical-Center
E2785,Est%C3%A9e-Lauder-Companies
E55,Archer-Daniels-Midland-ADM
E7224,Juniper-Networks
E6888,Popular
E1546,Jefferies
E4642195,Pactera-EDGE
E620212,EAB
E322106,Inmar
E280653,TRAX-International
E489,Nucor
E40083,Amwins-Group
E32469,Mastech-Digital
E10429,Audi
E40083,Amwins-Group
E32469,Mastech-Digital
E32629,Xoriant
E7138,Daimler-Trucks-North-America
E14616,MSCI
E33297,University-of-Miami
E207,Dow
E489,Nucor
E620212,EAB
E1665052,Carat-USA
E132526,Analysis-Group
E298072,Enova
E295294,Samsung-Research-America
E23582,University-of-Toledo
E16807,Independence-Blue-Cross
E3823,Insight
E18844,Norton-Healthcare
E117138,PlayStation
E18106,Hiscox
E33280,Environmental-Protection-Agency
E816788,U-S-Department-of-Agriculture
E18844,Norton-Healthcare
E4983,Envestnet
E14252,DTCC
E2919,Northwestern-Mutual
E132526,Analysis-Group
E117138,PlayStation
E360671,Cloudera
E11574,OpenTable
E360671,Cloudera
E393492,Conservice
E7207,GE-Capital
E259493,Impetus-Technologies
E121396,UT-Southwestern-Medical-Center
E28411,Lockton-Companies
E18601,Nationwide-Children-s-Hospital
E11574,OpenTable
E1969055,Maxar-Technologies
E4043,Esri
E6069,FTI-Consulting
E26827,ProQuest
E2872,Levi-Strauss
E393492,Conservice
E582526,Zurich-Insurance
E121396,UT-Southwestern-Medical-Center
E1317005,Siemens-Healthineers
E1969055,Maxar-Technologies
E721792,Union-Home-Mortgage
E16936,Save-the-Children
E333952,PitchBook
E16462,Con-Edison
E19738,The-Standard
E5634,The-Aerospace-Corporation
E26724,American-University
E4293,Bosch
E33438,West-Virginia-University
E383,Kimberly-Clark
E5421,Federal-Reserve-Bank-NY
E233316,Zuora
E333952,PitchBook
E415350,Dropbox
E589990,Capgemini-Invent
E3767,TD
E187,Cummins
E364364,Pure-Storage
E359241,Diversant
E155577,UST
E233316,Zuora
E444756,Okta
E2731,Bechtel
E991292,Oportun
E785799,Resource-Staffing
E721792,Union-Home-Mortgage
E2017225,Nutrien
E1282755,GTB
E1186370,Didi-Chuxing
E16478,Florida-Power-and-Light
E914956,Coupang
E18619,Children-s-Hospital-Los-Angeles
E135728,Redstone-Federal-Credit-Union
E294821,Enverus
E305875,Teladoc-Health
E732,Whirlpool-Corporation
E161,The-Coca-Cola-Company
E27470,University-of-New-Mexico
E35337,GoDaddy
E2904,University-of-Missouri
E18619,Children-s-Hospital-Los-Angeles
E18988,Duke-University-Health-System
E1281,Comerica
E14933,ConocoPhillips
E356510,Amrock
E1602329,StockX
E1186370,Didi-Chuxing
E1282755,GTB
E4283,Nestl%C3%A9-USA
E480805,Doterra
E19251,Cincinnati-Children-s-Hospital
E13195,Warner-Bros
E12902,Seagen
E40687,ViacomCBS-Streaming
E121738,UC-San-Diego-Health
E211,Duke-Energy
E37127,Sony-Music-Entertainment
E682,Tyler-Technologies
E703,VF
E2908,NBA
E12152,Nasdaq
E2739,Cargill
E480805,Doterra
E2739,Cargill
E211,Duke-Energy
E37127,Sony-Music-Entertainment
E144,Charles-Schwab
E711,Grainger
E635867,Penn-Medicine
E449079,DMI
E461657,New-Relic
E16164,Auto-Owners-Insurance
E2633118,Satmap
E1468138,DRIVIN
E815564,Endgame
E3023875,Loven-Systems
E2064661,Mercury-Financial
E2116443,Gridiron-IT
E5394,American-Medical-Association
E4577,Mesirow-Financial
E285046,Rite-Pros
E307099,HireVue
E4577,Mesirow-Financial
E5394,American-Medical-Association
E307099,HireVue
E2064661,Mercury-Financial
E2116443,Gridiron-IT
E38263,Genomic-Health
E852810,Gro-Intelligence
E887582,G2
E676341,ZEFR
E4267918,ABC-Company
E423656,New-Visions-for-Public-Schools
E17977,Harry-and-David
E465088,AlphaSights
E853573,Elevate-Credit
E894936,FanDuel
E712654,Stat9
E1036608,Thrive-Market
E1173639,Demyst
E1635890,Waymo
E3162960,Google-Cloud
E2031932,Unified-Healthcare-Group
E21190,apexanalytix
E134483,Workforce-Logiq
E199465,Infinity-Tech-Group
E9005,Priceline-com
E409765,Cast-and-Crew
E423181,Nirvana-Enterprises
E426829,Infoshare-Systems
E658525,TalTeam
E672851,SMC-3
E882492,Pymetrics
E608020,InnoCore-Solutions
E261218,ID-Analytics
E29409,Chadwick-Martin-Bailey
E394648,Sojern
E3856415,Jerry
E3028172,Net-Orbit
E1441922,Noodle-ai
E1065069,GoGuardian
E984828,Redhorse-Corporation
E2522994,Nones
E35236,INL
E301536,Centro
E418138,Vivid-Seats
E503643,Seer-Interactive
E726905,CMI-Media-Group
E744720,Feedzai
E763738,Fino-Consulting
E807886,Womply
E524413,DataStax
E2561206,Fluz
E966280,i360
E1009164,Enquero
E1174054,Transfix
E407563,Factual
E391519,Tombras-Group
E615757,Affine
E245479,CyberCoders
E247764,Radancy
E482700,Western-EcoSystems
E751348,CarGurus
E282007,Vlink
E339266,EGlobalTech
E2512082,Gugnir-and-Partners
E1150802,HG-Insights
E1010497,Podium
E1905972,Data-Application-Lab
E215077,Together-Labs
E222862,Quantcast
E486023,Elutions
E888048,ClipperData
E654749,Coursera
E913183,Well-Woven
E17994,Snagajob
E222862,Quantcast
E35325,Baidu
E319986,Impact
E610118,Ampersand
E715509,JOOR
E761702,YourCause
E1007916,Spalding-Consulting
E1561190,Acima-Credit
E1159744,Mather-Economics
E2221965,Benefits-Science-Technologies
E2458437,U-S-District-Court-Southern-District-of-Ohio
E1890951,Leon-Management-Group
E1912163,Sema4
E1919611,Codoxo
E3138754,Bayer-CropScience-Germany
E937549,Eidex
E1254,Church-and-Dwight
E638508,Naval-Information-Warfare-Center-Atlantic
E115021,Chamberlain-Group
E515740,Q2-Software
E518267,Aurobindo-Pharma
E402609,New-American-Funding
E17577,Transplace
E298294,Alutiiq
E344823,ILO
E40063,Daiichi-Sankyo
E298294,Alutiiq
E344823,ILO
E192057,CitiusTech
E515740,Q2-Software
E518267,Aurobindo-Pharma
E14976,AllianceBernstein
E1331,Bosch-Sicherheitssysteme
E6125,Energy-Transfer
E638508,Naval-Information-Warfare-Center-Atlantic
E402609,New-American-Funding
E298294,Alutiiq
E344823,ILO
E4278300,The-Heston-Group
E21416,Stantec
E17631,Atlas-Copco-North-America
E17694,Atlantic-Health-System
E19305,Hillcrest-Healthcare-System
E212002,New-Haven-Unified-School-District
E264283,Sartorius
E31248,US-Department-of-Labor
E14691,Colonial-Life-and-Accident-Insurance-Co
E21416,Stantec
E10682,Natixis
E2129,O-I-Glass
E1170,Bank-of-Hawaii
E1171,BancorpSouth
E5810,Habitat-for-Humanity
E31248,US-Department-of-Labor
E28435,Hitachi-Consulting
E264283,Sartorius
E10682,Natixis
E2129,O-I-Glass
E1170,Bank-of-Hawaii
E1171,BancorpSouth
E21416,Stantec
E1307143,IBM-Interactive-Experience
E942369,Qorvo
E15023,JBS-USA-Holdings
E19088,Froedtert-Health
E19187,The-Raymond-Corporation
E11572,SES
E6668,American-Century-Investments
E6746,Renaissance-Learning
E41874,Doosan
E566,Rochester-Gas-and-Electric
E37819,Boise-Cascade
E10822,Ferrero
E14952,Novozymes
E1355,The-E-W-Scripps-Company
E129,Campbell-Soup-Company
E942369,Qorvo
E1192206,Seqirus
E1408248,Zuckerberg-San-Francisco-General-Hospital
E138778,King-County
E3931,Best-Western
E107681,New-York-City-Department-of-Parks-and-Recreation
E158938,NAWC
E14393,Kroll
E26009,Cambridge-Health-Alliance
E87,Beckman-Coulter-Diagnostics
E14393,Kroll
E4832,F-N-B-Corporation
E26009,Cambridge-Health-Alliance
E87,Beckman-Coulter-Diagnostics
E3782,Tate-and-Lyle
E667,Toll-Brothers
E138778,King-County
E1014171,Essendant
E19844,Thomas-Jefferson-University-and-Hospitals
E17503,Lippert-Components
E328670,Orange-County-Government-Florida
E9995,US-Forest-Service
E3302,MTD-Products
E19844,Thomas-Jefferson-University-and-Hospitals
E17503,Lippert-Components
E15421,Sophos
E32047,S-and-ME
E580,SPX-Corporation
E243979,Outback-Steakhouse
E256264,Baptist-Medical-Center-Jacksonville
E10350,Soci%C3%A9t%C3%A9-G%C3%A9n%C3%A9rale
E7176,Makita
E346477,BDO-USA
E6877,B-Braun
E115020,Employbridge
E18827,Texas-Workforce-Commission
E270826,Amneal-Pharmaceuticals
E328670,Orange-County-Government-Florida
E243979,Outback-Steakhouse
E10910,Enel
E9995,US-Forest-Service
E902836,Penn-State-Health
E472200,Jubilant-Life-Sciences
E346477,BDO-USA
E1014171,Essendant
E2039103,Dassault-Aviation
E1660256,Adtalem-Global-Education
E1536694,Purple
E43059,Hawaii-State-Department-of-Education
E43159,City-of-Charlotte
E121942,Kaweah-Health
E615776,Rexel-Group
E13435,Rockwell-Collins
E10540,Comau
E4669,Carilion-Clinic
E2214,Finish-Line
E18259,Brooklyn-Hospital-Center
E3866,Crate-and-Barrel
E27741,Children-s-Hospital-Of-The-King-s-Daughters
E11480,Sitel-Group
E307701,Geek-Squad
E11480,Sitel-Group
E196046,Ideal-Industries
E118556,Montgomery-County-Public-Schools-Maryland
E121942,Kaweah-Health
E41386,Natural-Resources-Conservation-Service
E130372,University-of-Phoenix
E224294,Pinellas-County-School-District
E333769,S-and-T
E290641,Family-Health-Centers-of-San-Diego
E432650,Vector-Security
E10540,Comau
E3365,SAS-Scandinavian-Airlines
E6538,CNH-Industrial
E2214,Finish-Line
E18259,Brooklyn-Hospital-Center
E7781,Crum-and-Forster
E727413,EBSCO-Information-Services
E1022084,Chemours
E615776,Rexel-Group
E882830,Andela
E727413,EBSCO-Information-Services
E1022084,Chemours
E107151,Washington-State-Department-of-Social-and-Health-Services
E18121,Weir-ESCO
E18242,Boldt
E2699,Ace-Hardware
E1721,Oceaneering-International
E3371,Shamrock-Foods-Company
E639,The-TJX-Companies-Inc
E8984,Penske-Truck-Leasing
E2699,Ace-Hardware
E3371,Shamrock-Foods-Company
E1721,Oceaneering-International
E913319,Landmark-Health
E4668,California-Pacific-Medical-Center
E6679,Centerplate
E5485,A-E-Networks
E18121,Weir-ESCO
E18242,Boldt
E669178,Curacao
E4668,California-Pacific-Medical-Center
E6679,Centerplate
E369237,TRIMEDX
E414944,Extended-Stay-America
E448929,Iha-of-Ann-Arbor
E8984,Penske-Truck-Leasing
E301141,VFS-Global
E303892,Heartland-Alliance
E1689268,Finastra
E1563777,Xperi
E1689268,Finastra
E330463,State-of-New-Jersey
E107579,American-Income-Life
E133677,Harris-County-Texas
E4252,Groupe-Cr%C3%A9dit-Agricole
E6285,Draper
E155412,Marshalls
E388861,Stifel-Financial
E546266,UNC-Lineberger-Comprehensive-Cancer-Center
E16152,World-Wildlife-Fund
E4300,CertainTeed
E15923,APL-Logistics
E4485,Trustmark
E1024,TRC-Companies
E20037,Technicolor
E3047,Young-and-Rubicam
E2138,Callaway-Golf
E197605,State-of-Ohio
E966719,MHWirth
E197605,State-of-Ohio
E546266,UNC-Lineberger-Comprehensive-Cancer-Center
E330463,State-of-New-Jersey
E1731011,AssuredPartners
E3026577,Crown-Castle-Fiber
E971719,ACL-Digital
E966719,MHWirth
E1859795,Goodwill-Easter-Seals-Miami-Valley
E153347,ReachLocal
E213150,State-of-Wisconsin